-- phpMyAdmin SQL Dump
-- version 5.2.1
-- https://www.phpmyadmin.net/
--
-- Host: 127.0.0.1:3306
-- Generation Time: Jan 27, 2024 at 09:00 AM
-- Server version: 8.2.0
-- PHP Version: 7.4.33

SET SQL_MODE = "NO_AUTO_VALUE_ON_ZERO";
START TRANSACTION;
SET time_zone = "+00:00";


/*!40101 SET @OLD_CHARACTER_SET_CLIENT=@@CHARACTER_SET_CLIENT */;
/*!40101 SET @OLD_CHARACTER_SET_RESULTS=@@CHARACTER_SET_RESULTS */;
/*!40101 SET @OLD_COLLATION_CONNECTION=@@COLLATION_CONNECTION */;
/*!40101 SET NAMES utf8mb4 */;

--
-- Database: `agent`
--

-- --------------------------------------------------------

--
-- Table structure for table `agent_users`
--

DROP TABLE IF EXISTS `agent_users`;
CREATE TABLE IF NOT EXISTS `agent_users` (
  `id` bigint UNSIGNED NOT NULL AUTO_INCREMENT,
  `created_at` timestamp NULL DEFAULT NULL,
  `updated_at` timestamp NULL DEFAULT NULL,
  `agent_name` varchar(100) COLLATE utf8mb4_unicode_ci NOT NULL,
  `agent_id` int NOT NULL,
  `area` varchar(191) COLLATE utf8mb4_unicode_ci DEFAULT NULL,
  PRIMARY KEY (`id`)
) ENGINE=MyISAM AUTO_INCREMENT=2 DEFAULT CHARSET=utf8mb4 COLLATE=utf8mb4_unicode_ci;

--
-- Dumping data for table `agent_users`
--

INSERT INTO `agent_users` (`id`, `created_at`, `updated_at`, `agent_name`, `agent_id`, `area`) VALUES
(1, '2024-01-26 17:22:57', '2024-01-26 17:22:57', 'JOEL TAMBIS', 1, 'MAS');

-- --------------------------------------------------------

--
-- Table structure for table `audit_trails`
--

DROP TABLE IF EXISTS `audit_trails`;
CREATE TABLE IF NOT EXISTS `audit_trails` (
  `id` bigint UNSIGNED NOT NULL AUTO_INCREMENT,
  `description` text COLLATE utf8mb4_unicode_ci NOT NULL,
  `created_at` timestamp NULL DEFAULT NULL,
  `updated_at` timestamp NULL DEFAULT NULL,
  PRIMARY KEY (`id`)
) ENGINE=MyISAM AUTO_INCREMENT=5 DEFAULT CHARSET=utf8mb4 COLLATE=utf8mb4_unicode_ci;

--
-- Dumping data for table `audit_trails`
--

INSERT INTO `audit_trails` (`id`, `description`, `created_at`, `updated_at`) VALUES
(1, 'Uploaded Principal', '2024-01-27 01:23:49', '2024-01-27 01:23:49'),
(2, 'Uploaded Inventory', '2024-01-27 01:24:05', '2024-01-27 01:24:05'),
(3, 'Uploaded Inventory', '2024-01-27 01:39:56', '2024-01-27 01:39:56'),
(4, 'Uploaded Inventory', '2024-01-27 01:43:54', '2024-01-27 01:43:54');

-- --------------------------------------------------------

--
-- Table structure for table `bad_orders`
--

DROP TABLE IF EXISTS `bad_orders`;
CREATE TABLE IF NOT EXISTS `bad_orders` (
  `id` bigint UNSIGNED NOT NULL AUTO_INCREMENT,
  `pcm_number` varchar(191) COLLATE utf8mb4_unicode_ci NOT NULL,
  `total_bo` double(15,4) NOT NULL,
  `agent_id` int NOT NULL,
  `customer_id` bigint UNSIGNED NOT NULL,
  `principal_id` bigint UNSIGNED NOT NULL,
  `created_at` timestamp NULL DEFAULT NULL,
  `updated_at` timestamp NULL DEFAULT NULL,
  `sales_register_id` int NOT NULL,
  `status` varchar(10) COLLATE utf8mb4_unicode_ci DEFAULT NULL,
  PRIMARY KEY (`id`),
  KEY `bad_orders_customer_id_index` (`customer_id`),
  KEY `bad_orders_principal_id_index` (`principal_id`)
) ENGINE=MyISAM AUTO_INCREMENT=2 DEFAULT CHARSET=utf8mb4 COLLATE=utf8mb4_unicode_ci;

--
-- Dumping data for table `bad_orders`
--

INSERT INTO `bad_orders` (`id`, `pcm_number`, `total_bo`, `agent_id`, `customer_id`, `principal_id`, `created_at`, `updated_at`, `sales_register_id`, `status`) VALUES
(1, 'PCM-BO-MAS-ALFE COMM\'L-1-0001', 6.0000, 1, 23, 2, '2024-01-27 01:46:12', '2024-01-26 17:46:43', 1, 'exported');

-- --------------------------------------------------------

--
-- Table structure for table `bad_order_details`
--

DROP TABLE IF EXISTS `bad_order_details`;
CREATE TABLE IF NOT EXISTS `bad_order_details` (
  `id` bigint UNSIGNED NOT NULL AUTO_INCREMENT,
  `bad_order_id` bigint UNSIGNED NOT NULL,
  `inventory_id` bigint UNSIGNED NOT NULL,
  `quantity` int NOT NULL,
  `unit_price` double(15,4) NOT NULL,
  `created_at` timestamp NULL DEFAULT NULL,
  `updated_at` timestamp NULL DEFAULT NULL,
  PRIMARY KEY (`id`),
  KEY `bad_order_details_bad_order_id_index` (`bad_order_id`),
  KEY `bad_order_details_inventory_id_index` (`inventory_id`)
) ENGINE=MyISAM AUTO_INCREMENT=3 DEFAULT CHARSET=utf8mb4 COLLATE=utf8mb4_unicode_ci;

--
-- Dumping data for table `bad_order_details`
--

INSERT INTO `bad_order_details` (`id`, `bad_order_id`, `inventory_id`, `quantity`, `unit_price`, `created_at`, `updated_at`) VALUES
(1, 1, 211, 3, 0.0000, '2024-01-27 01:46:12', '2024-01-27 01:46:12'),
(2, 1, 212, 3, 0.0000, '2024-01-27 01:46:12', '2024-01-27 01:46:12');

-- --------------------------------------------------------

--
-- Table structure for table `collections`
--

DROP TABLE IF EXISTS `collections`;
CREATE TABLE IF NOT EXISTS `collections` (
  `id` bigint UNSIGNED NOT NULL AUTO_INCREMENT,
  `customer_id` bigint UNSIGNED NOT NULL,
  `total_amount` double(15,4) NOT NULL,
  `amount_paid` double(15,4) NOT NULL,
  `mode_of_transaction` varchar(191) COLLATE utf8mb4_unicode_ci NOT NULL,
  `dr` varchar(191) COLLATE utf8mb4_unicode_ci NOT NULL,
  `sku_type` varchar(191) COLLATE utf8mb4_unicode_ci NOT NULL,
  `created_at` timestamp NULL DEFAULT NULL,
  `updated_at` timestamp NULL DEFAULT NULL,
  `balance` double(15,4) NOT NULL,
  `principal` varchar(191) COLLATE utf8mb4_unicode_ci NOT NULL,
  `exported` varchar(191) COLLATE utf8mb4_unicode_ci NOT NULL,
  `remarks` varchar(191) COLLATE utf8mb4_unicode_ci NOT NULL,
  `total_bo` double(15,4) NOT NULL,
  `or_number` varchar(191) COLLATE utf8mb4_unicode_ci NOT NULL,
  PRIMARY KEY (`id`),
  KEY `collections_customer_id_index` (`customer_id`)
) ENGINE=MyISAM DEFAULT CHARSET=utf8mb4 COLLATE=utf8mb4_unicode_ci;

-- --------------------------------------------------------

--
-- Table structure for table `collection_details`
--

DROP TABLE IF EXISTS `collection_details`;
CREATE TABLE IF NOT EXISTS `collection_details` (
  `id` bigint UNSIGNED NOT NULL AUTO_INCREMENT,
  `collection_id` bigint UNSIGNED NOT NULL,
  `image` text COLLATE utf8mb4_unicode_ci NOT NULL,
  `created_at` timestamp NULL DEFAULT NULL,
  `updated_at` timestamp NULL DEFAULT NULL,
  `cash` double(15,4) NOT NULL,
  `cash_add_refer` double(15,4) NOT NULL,
  `cheque` double(15,4) NOT NULL,
  `cheque_add_refer` double(15,4) NOT NULL,
  `less_refer` double(15,4) NOT NULL,
  `specify` varchar(191) COLLATE utf8mb4_unicode_ci DEFAULT NULL,
  `remarks` varchar(191) COLLATE utf8mb4_unicode_ci DEFAULT NULL,
  `balance` double(15,4) NOT NULL,
  PRIMARY KEY (`id`),
  KEY `collection_details_collection_id_index` (`collection_id`)
) ENGINE=MyISAM DEFAULT CHARSET=utf8mb4 COLLATE=utf8mb4_unicode_ci;

-- --------------------------------------------------------

--
-- Table structure for table `customers`
--

DROP TABLE IF EXISTS `customers`;
CREATE TABLE IF NOT EXISTS `customers` (
  `id` bigint UNSIGNED NOT NULL AUTO_INCREMENT,
  `location_id` bigint UNSIGNED NOT NULL,
  `credit_limit` double(15,2) DEFAULT NULL,
  `store_name` varchar(191) COLLATE utf8mb4_unicode_ci DEFAULT NULL,
  `created_at` timestamp NULL DEFAULT NULL,
  `updated_at` timestamp NULL DEFAULT NULL,
  `allowed_number_of_sales_order` int NOT NULL,
  `special_account` varchar(191) COLLATE utf8mb4_unicode_ci DEFAULT NULL,
  `mode_of_transaction` varchar(191) COLLATE utf8mb4_unicode_ci DEFAULT NULL,
  `status` varchar(191) COLLATE utf8mb4_unicode_ci DEFAULT NULL,
  `longitude` varchar(191) COLLATE utf8mb4_unicode_ci DEFAULT NULL,
  `latitude` varchar(191) COLLATE utf8mb4_unicode_ci DEFAULT NULL,
  `kob` varchar(191) COLLATE utf8mb4_unicode_ci DEFAULT NULL,
  `contact_person` varchar(191) COLLATE utf8mb4_unicode_ci DEFAULT NULL,
  `contact_number` varchar(191) COLLATE utf8mb4_unicode_ci DEFAULT NULL,
  `detailed_address` varchar(191) COLLATE utf8mb4_unicode_ci DEFAULT NULL,
  PRIMARY KEY (`id`),
  KEY `customers_location_id_index` (`location_id`)
) ENGINE=MyISAM AUTO_INCREMENT=189 DEFAULT CHARSET=utf8mb4 COLLATE=utf8mb4_unicode_ci;

--
-- Dumping data for table `customers`
--

INSERT INTO `customers` (`id`, `location_id`, `credit_limit`, `store_name`, `created_at`, `updated_at`, `allowed_number_of_sales_order`, `special_account`, `mode_of_transaction`, `status`, `longitude`, `latitude`, `kob`, `contact_person`, `contact_number`, `detailed_address`) VALUES
(22, 1, 100000000.00, 'ACE DE ORO COMMERCIAL', '2024-01-27 01:23:56', '2024-01-27 01:23:56', 2147483647, NULL, 'COD', NULL, '124.63069654484406', '8.49978462505641', 'SOS', 'CHERY MAE MONARES', '09169811098', NULL),
(23, 1, 100000000.00, 'ALFE COMM\'L', '2024-01-27 01:23:56', '2024-01-27 01:23:56', 2147483647, NULL, 'COD', NULL, '124.63069654484406', '8.49978462505641', 'SOS', 'DEJAYLYN BACONAWA', '09533844872', NULL),
(24, 1, 100000000.00, 'AYA COMMERCIAL', '2024-01-27 01:23:56', '2024-01-27 01:23:56', 2147483647, NULL, 'COD', NULL, '124.63069654484406', '8.49978462505641', 'EGR', 'ROCHELLE', '09177011832', NULL),
(25, 1, 100000000.00, 'BAYANIHAN', '2024-01-27 01:23:56', '2024-01-27 01:23:56', 2147483647, NULL, 'COD', NULL, '124.63069654484406', '8.49978462505641', 'HDWR', 'BAYANIHAN', '009533844872', NULL),
(26, 1, 100000000.00, 'BLUE DRAGON', '2024-01-27 01:23:56', '2024-01-27 01:23:56', 2147483647, NULL, 'COD', NULL, '124.63069654484406', '8.49978462505641', 'ASU', 'MEZIL PABAYDA', '09177064131', NULL),
(27, 1, 100000000.00, 'BLUE STAR', '2024-01-27 01:23:56', '2024-01-27 01:23:56', 2147483647, NULL, 'COD', NULL, '124.63069654484406', '8.49978462505641', 'EGR', 'WILSON GAW', '09173279151', NULL),
(28, 1, 100000000.00, 'BOTICA PANGMASA', '2024-01-27 01:23:56', '2024-01-27 01:23:56', 2147483647, NULL, 'COD', NULL, '124.63069654484406', '8.49978462505641', 'MDR', 'JOHN SIDNEY SALAZAR', '009533844872', NULL),
(29, 1, 100000000.00, 'BS ELECTRICAL', '2024-01-27 01:23:56', '2024-01-27 01:23:56', 2147483647, NULL, '', NULL, '', '', 'HDWR', 'N/A', 'N/A', NULL),
(30, 1, 100000000.00, 'CAGAYAN EDUCATIONAL SUPPLY', '2024-01-27 01:23:56', '2024-01-27 01:23:56', 2147483647, NULL, 'COD', NULL, '124.63069654484406', '8.49978462505641', 'QIN', 'RECHEL ALBACINO', '09177069996', NULL),
(31, 1, 100000000.00, 'CANDY\'S CAFE', '2024-01-27 01:23:56', '2024-01-27 01:23:56', 2147483647, NULL, '', NULL, '', '', 'QIN', 'N/A', 'N/A', NULL),
(32, 1, 100000000.00, 'CARMEN CDO MART CORP.', '2024-01-27 01:23:56', '2024-01-27 01:23:56', 2147483647, NULL, '', NULL, '', '', 'EGR', 'TERESITA GOMAGON', '09362567619', NULL),
(33, 1, 100000000.00, 'CCH HARDWARE', '2024-01-27 01:23:56', '2024-01-27 01:23:56', 2147483647, NULL, '', NULL, '', '', 'HDWR', 'N/A', 'N/A', NULL),
(34, 1, 100000000.00, 'CENTRAL CALTEX STATION', '2024-01-27 01:23:56', '2024-01-27 01:23:56', 2147483647, NULL, '', NULL, '', '', 'QIN', 'N/A', 'N/A', NULL),
(35, 1, 100000000.00, 'CF ELECTRICAL', '2024-01-27 01:23:56', '2024-01-27 01:23:56', 2147483647, NULL, '', NULL, '', '', 'HDWR', 'N/A', 'N/A', NULL),
(36, 1, 100000000.00, 'CHAM\'S CONVENIENCE (BUGO)', '2024-01-27 01:23:56', '2024-01-27 01:23:56', 2147483647, NULL, '', NULL, '', '', 'GCO', 'RENALYN', '0953841036', NULL),
(37, 1, 100000000.00, 'CHAM\'S CONVENIENCE (CAMP.EVANG.)', '2024-01-27 01:23:56', '2024-01-27 01:23:56', 2147483647, NULL, '', NULL, '', '', 'GCO', 'RENALYN', '0953841036', NULL),
(38, 1, 100000000.00, 'CHAM\'S CONVENIENCE (CC)', '2024-01-27 01:23:56', '2024-01-27 01:23:56', 2147483647, NULL, '', NULL, '', '', 'GCO', 'RENALYN', '0953841036', NULL),
(39, 1, 100000000.00, 'CHAM\'S CONVENIENCE (CITY HALL)', '2024-01-27 01:23:56', '2024-01-27 01:23:56', 2147483647, NULL, '', NULL, '', '', 'GCO', 'RENALYN', '0953841036', NULL),
(40, 1, 100000000.00, 'CHAM\'S CONVENIENCE (CORALES)', '2024-01-27 01:23:56', '2024-01-27 01:23:56', 2147483647, NULL, '', NULL, '', '', 'GCO', 'RENALYN', '0953841036', NULL),
(41, 1, 100000000.00, 'CHAM\'S CONVENIENCE (DUNLOP)', '2024-01-27 01:23:56', '2024-01-27 01:23:56', 2147483647, NULL, '', NULL, '', '', 'GCO', 'RENALYN', '0953841036', NULL),
(42, 1, 100000000.00, 'CHAM\'S CONVENIENCE (ELIPE)', '2024-01-27 01:23:56', '2024-01-27 01:23:56', 2147483647, NULL, '', NULL, '', '', 'GCO', 'RENALYN', '0953841036', NULL),
(43, 1, 100000000.00, 'CHAM\'S CONVENIENCE (IPONAN)', '2024-01-27 01:23:56', '2024-01-27 01:23:56', 2147483647, NULL, '', NULL, '', '', 'GCO', 'RENALYN', '0953841036', NULL),
(44, 1, 100000000.00, 'CHAM\'S CONVENIENCE (KAUSWAGAN)', '2024-01-27 01:23:56', '2024-01-27 01:23:56', 2147483647, NULL, '', NULL, '', '', 'GCO', 'RENALYN', '0953841036', NULL),
(45, 1, 100000000.00, 'CHAM\'S CONVENIENCE (KONG HUA)', '2024-01-27 01:23:56', '2024-01-27 01:23:56', 2147483647, NULL, '', NULL, '', '', 'GCO', 'RENALYN', '0953841036', NULL),
(46, 1, 100000000.00, 'CHAM\'S CONVENIENCE (LUNA)', '2024-01-27 01:23:56', '2024-01-27 01:23:56', 2147483647, NULL, '', NULL, '', '', 'GCO', 'RENALYN', '0953841036', NULL),
(47, 1, 100000000.00, 'CHAM\'S CONVENIENCE (MACASANDIG)', '2024-01-27 01:23:56', '2024-01-27 01:23:56', 2147483647, NULL, '', NULL, '', '', 'GCO', 'RENALYN', '0953841036', NULL),
(48, 1, 100000000.00, 'CHAM\'S CONVENIENCE (NAZARETH)', '2024-01-27 01:23:56', '2024-01-27 01:23:56', 2147483647, NULL, '', NULL, '', '', 'GCO', 'RENALYN', '0953841036', NULL),
(49, 1, 100000000.00, 'CHAM\'S CONVENIENCE (NHA)', '2024-01-27 01:23:56', '2024-01-27 01:23:56', 2147483647, NULL, '', NULL, '', '', 'GCO', 'RENALYN', '0953841036', NULL),
(50, 1, 100000000.00, 'CHAM\'S CONVENIENCE (PATAG)', '2024-01-27 01:23:56', '2024-01-27 01:23:56', 2147483647, NULL, '', NULL, '', '', 'GCO', 'RENALYN', '0953841036', NULL),
(51, 1, 100000000.00, 'CHAM\'S CONVENIENCE (PUEBLO)', '2024-01-27 01:23:56', '2024-01-27 01:23:56', 2147483647, NULL, '', NULL, '', '', 'GCO', 'RENALYN', '0953841036', NULL),
(52, 1, 100000000.00, 'CHAM\'S CONVENIENCE (PUNTOD)', '2024-01-27 01:23:56', '2024-01-27 01:23:56', 2147483647, NULL, '', NULL, '', '', 'GCO', 'RENALYN', '0953841036', NULL),
(53, 1, 100000000.00, 'CHAM\'S CONVENIENCE (REGATTA)', '2024-01-27 01:23:56', '2024-01-27 01:23:56', 2147483647, NULL, '', NULL, '', '', 'GCO', 'RENALYN', '0953841036', NULL),
(54, 1, 100000000.00, 'CHAM\'S CONVENIENCE (UPTOWN)', '2024-01-27 01:23:56', '2024-01-27 01:23:56', 2147483647, NULL, '', NULL, '', '', 'GCO', 'RENALYN', '0953841036', NULL),
(55, 1, 100000000.00, 'CHARLES MINIMART BUGO', '2024-01-27 01:23:56', '2024-01-27 01:23:56', 2147483647, NULL, '', NULL, '', '', 'EGR', 'AYA', '09278511717', NULL),
(56, 1, 100000000.00, 'CHARLES MINIMART- BUGO', '2024-01-27 01:23:56', '2024-01-27 01:23:56', 2147483647, NULL, '', NULL, '', '', 'EGR', 'AYA', '09278511717', NULL),
(57, 1, 100000000.00, 'CHARLES MINIMART- PUERTO', '2024-01-27 01:23:56', '2024-01-27 01:23:56', 2147483647, NULL, '', NULL, '', '', 'EGR', 'GIL CHUA', '0742-231', NULL),
(58, 1, 100000000.00, 'CHINA COMMERCIAL', '2024-01-27 01:23:56', '2024-01-27 01:23:56', 2147483647, NULL, '', NULL, '', '', 'QIN', 'EVANGELINE PARAN', 'N/A', NULL),
(59, 1, 100000000.00, 'CITI DRUG', '2024-01-27 01:23:56', '2024-01-27 01:23:56', 2147483647, NULL, '', NULL, '', '', 'MDR', 'N/A', 'N/A', NULL),
(60, 1, 100000000.00, 'CROWN PAPER', '2024-01-27 01:23:56', '2024-01-27 01:23:56', 2147483647, NULL, '', NULL, '', '', 'SOS', 'N/A', 'N/A', NULL),
(61, 1, 100000000.00, 'DIAMOND DRUGSTORE', '2024-01-27 01:23:56', '2024-01-27 01:23:56', 2147483647, NULL, '', NULL, '', '', 'MDR', 'N/A', 'N/A', NULL),
(62, 1, 100000000.00, 'DILAO SHOPPING CENTER', '2024-01-27 01:23:56', '2024-01-27 01:23:56', 2147483647, NULL, '', NULL, '', '', 'CDE', 'N/A', 'N/A', NULL),
(63, 1, 100000000.00, 'DISTRICT MINI MARKT.', '2024-01-27 01:23:56', '2024-01-27 01:23:56', 2147483647, NULL, '', NULL, '', '', 'GCO', 'N/A', 'N/A', NULL),
(64, 1, 100000000.00, 'DOLS COMMERCIAL', '2024-01-27 01:23:56', '2024-01-27 01:23:56', 2147483647, NULL, '', NULL, '', '', 'RET', 'DIANNE LOOI', '09276233668', NULL),
(65, 1, 100000000.00, 'DOP COMMERCIAL', '2024-01-27 01:23:56', '2024-01-27 01:23:56', 2147483647, NULL, '', NULL, '', '', 'EGR', 'N/A', 'N/A', NULL),
(66, 1, 100000000.00, 'E & H -2', '2024-01-27 01:23:56', '2024-01-27 01:23:56', 2147483647, NULL, '', NULL, '', '', 'EGR', 'CHARLES CHUA', '09278511717', NULL),
(67, 1, 100000000.00, 'E & H STORE', '2024-01-27 01:23:56', '2024-01-27 01:23:56', 2147483647, NULL, '', NULL, '', '', 'EGR', 'GIL CHUA', '0742231', NULL),
(68, 1, 100000000.00, 'EDUCATIONAL SUPPLY', '2024-01-27 01:23:56', '2024-01-27 01:23:56', 2147483647, NULL, '', NULL, '', '', 'SOS', 'N/A', 'N/A', NULL),
(69, 1, 100000000.00, 'EJ CONV.', '2024-01-27 01:23:56', '2024-01-27 01:23:56', 2147483647, NULL, '', NULL, '', '', 'GCO', 'N/A', 'N/A', NULL),
(70, 1, 100000000.00, 'ELGFERS AUTO SUPPLY', '2024-01-27 01:23:56', '2024-01-27 01:23:56', 2147483647, NULL, '', NULL, '', '', 'HDWR', 'N/A', 'N/A', NULL),
(71, 1, 100000000.00, 'EVERBEST', '2024-01-27 01:23:56', '2024-01-27 01:23:56', 2147483647, NULL, '', NULL, '', '', 'KSA', 'N/A', 'N/A', NULL),
(72, 1, 100000000.00, 'EXCEL TRADING', '2024-01-27 01:23:56', '2024-01-27 01:23:56', 2147483647, NULL, '', NULL, '', '', 'HDWR', 'N/A', 'N/A', NULL),
(73, 1, 100000000.00, 'FAT CHEF', '2024-01-27 01:23:56', '2024-01-27 01:23:56', 2147483647, NULL, '', NULL, '', '', 'QIN', 'JEIZEL', '09173209764', NULL),
(74, 1, 100000000.00, 'FB BUDGETAL CORP.', '2024-01-27 01:23:56', '2024-01-27 01:23:56', 2147483647, NULL, '', NULL, '', '', 'QIN', 'N/A', 'N/A', NULL),
(75, 1, 100000000.00, 'FORTUNE ENTERPRISE', '2024-01-27 01:23:56', '2024-01-27 01:23:56', 2147483647, NULL, '', NULL, '', '', 'EGR', 'LISA CHAN', '09975699418', NULL),
(76, 1, 100000000.00, 'GAISANO (J.R BORJA)', '2024-01-27 01:23:56', '2024-01-27 01:23:56', 2147483647, NULL, '', NULL, '', '', 'ASU', 'JO-ANN DE ASIS', '09177067445', NULL),
(77, 1, 100000000.00, 'GAISANO CAPITAL', '2024-01-27 01:23:56', '2024-01-27 01:23:56', 2147483647, NULL, '', NULL, '', '', 'ASU', 'MEDOLINA ECHAVEZ', '09257722061', NULL),
(78, 1, 100000000.00, 'GAISANO CITI SUPER MALL-BULUA', '2024-01-27 01:23:56', '2024-01-27 01:23:56', 2147483647, NULL, '', NULL, '', '', 'ASU', 'MEYSAEL MONANI', '09178404667', NULL),
(79, 1, 100000000.00, 'GAISANO CARMEN', '2024-01-27 01:23:56', '2024-01-27 01:23:56', 2147483647, NULL, '', NULL, '', '', 'ASU', 'GIRLIE GERBOLINGO', '09338655019', NULL),
(80, 1, 100000000.00, 'GAISANO CITY-MALL', '2024-01-27 01:23:56', '2024-01-27 01:23:56', 2147483647, NULL, '', NULL, '', '', 'ASU', 'MONETH BUENDIA', '09978435477', NULL),
(81, 1, 100000000.00, 'GAISANO MALL PUERTO', '2024-01-27 01:23:56', '2024-01-27 01:23:56', 2147483647, NULL, '', NULL, '', '', 'ASU', 'MITCHELYN BASA', '09338655030', NULL),
(82, 1, 100000000.00, 'GAISANO SUKI CLUB/NEOPACE INC.', '2024-01-27 01:23:56', '2024-01-27 01:23:56', 2147483647, NULL, '', NULL, '', '', 'ASU', 'ROSELYN BASA', '09175074291', NULL),
(83, 1, 100000000.00, 'GAISANO OSME?A', '2024-01-27 01:23:56', '2024-01-27 01:23:56', 2147483647, NULL, '', NULL, '', '', 'ASU', 'CATHY', '09175074291', NULL),
(84, 1, 100000000.00, 'GOLD CREST', '2024-01-27 01:23:56', '2024-01-27 01:23:56', 2147483647, NULL, '', NULL, '', '', 'QIN', 'JOY', '09176344768', NULL),
(85, 1, 100000000.00, 'GOLDEN ACE', '2024-01-27 01:23:56', '2024-01-27 01:23:56', 2147483647, NULL, '', NULL, '', '', 'EGR', 'ADING BOTALID', '0942860009', NULL),
(86, 1, 100000000.00, 'GOLDEN FAMILY', '2024-01-27 01:23:56', '2024-01-27 01:23:56', 2147483647, NULL, '', NULL, '', '', 'EGR', 'NEZEN PACTO', '09676653865', NULL),
(87, 1, 100000000.00, 'GRAPHICS', '2024-01-27 01:23:56', '2024-01-27 01:23:56', 2147483647, NULL, '', NULL, '', '', 'QIN', 'N/A', 'N/A', NULL),
(88, 1, 100000000.00, 'HADJI JAMILAH (STORE)', '2024-01-27 01:23:56', '2024-01-27 01:23:56', 2147483647, NULL, '', NULL, '', '', 'UWH', 'GLENDA SIA', '09177996310', NULL),
(89, 1, 100000000.00, 'HADJI JAMILAH (BODEGA)', '2024-01-27 01:23:56', '2024-01-27 01:23:56', 2147483647, NULL, '', NULL, '', '', 'UWH', 'GLENDA SIA', '09177199634', NULL),
(90, 1, 100000000.00, 'HBL MARKETING (BORJA)', '2024-01-27 01:23:56', '2024-01-27 01:23:56', 2147483647, NULL, '', NULL, '', '', 'HDWR', 'N/A', 'N/A', NULL),
(91, 1, 100000000.00, 'HOLLYSON STORE (CARMEN)', '2024-01-27 01:23:56', '2024-01-27 01:23:56', 2147483647, NULL, '', NULL, '', '', 'RET', 'N/A', '09565730979', NULL),
(92, 1, 100000000.00, 'IC MKTG.', '2024-01-27 01:23:56', '2024-01-27 01:23:56', 2147483647, NULL, '', NULL, '', '', 'HDWR', 'N/A', 'N/A', NULL),
(93, 1, 100000000.00, 'JIMAR CONSTRUCTION', '2024-01-27 01:23:56', '2024-01-27 01:23:56', 2147483647, NULL, '', NULL, '', '', 'HDWR', 'N/A', 'N/A', NULL),
(94, 1, 100000000.00, 'JINSING 2', '2024-01-27 01:23:56', '2024-01-27 01:23:56', 2147483647, NULL, '', NULL, '', '', 'RET', 'MARGIE SUMAGAYBAY', '09177711131', NULL),
(95, 1, 100000000.00, 'JINSING STORE (CUGMAN)', '2024-01-27 01:23:56', '2024-01-27 01:23:56', 2147483647, NULL, '', NULL, '', '', 'RET', 'MARGIE SUMAGAYBAY', '09177711131', NULL),
(96, 1, 100000000.00, 'JR CLAD BUILDERS ENT.', '2024-01-27 01:23:56', '2024-01-27 01:23:56', 2147483647, NULL, '', NULL, '', '', 'HDWR', 'N/A', 'N/A', NULL),
(97, 1, 100000000.00, 'JULMAR COMMERCIAL INC', '2024-01-27 01:23:56', '2024-01-27 01:23:56', 2147483647, NULL, '', NULL, '', '', 'EGR', 'VIVIANA', '09060335375', NULL),
(98, 1, 100000000.00, 'JVS AUDIO', '2024-01-27 01:23:56', '2024-01-27 01:23:56', 2147483647, NULL, '', NULL, '', '', 'QIN', 'N/A', 'N/A', NULL),
(99, 1, 100000000.00, 'KAKING', '2024-01-27 01:23:56', '2024-01-27 01:23:56', 2147483647, NULL, '', NULL, '', '', 'CDE', 'N/A', 'N/A', NULL),
(100, 1, 100000000.00, 'LG ELECTRONICS', '2024-01-27 01:23:56', '2024-01-27 01:23:56', 2147483647, NULL, '', NULL, '', '', 'QIN', 'N/A', 'N/A', NULL),
(101, 1, 100000000.00, 'LIFE CORPS MEDCARE', '2024-01-27 01:23:56', '2024-01-27 01:23:56', 2147483647, NULL, '', NULL, '', '', 'MDS', 'N/A', 'N/A', NULL),
(102, 1, 100000000.00, 'LIONS DEN', '2024-01-27 01:23:56', '2024-01-27 01:23:56', 2147483647, NULL, '', NULL, '', '', 'GYM', 'N/A', 'N/A', NULL),
(103, 1, 100000000.00, 'LUKE MEDICAL SUPPLIES', '2024-01-27 01:23:56', '2024-01-27 01:23:56', 2147483647, NULL, '', NULL, '', '', 'QIN', 'N/A', 'N/A', NULL),
(104, 1, 100000000.00, 'MARALEX PHARMACY', '2024-01-27 01:23:56', '2024-01-27 01:23:56', 2147483647, NULL, '', NULL, '', '', 'MDR', 'N/A', 'N/A', NULL),
(105, 1, 100000000.00, 'MC ALBA FOODS CORPORATION', '2024-01-27 01:23:56', '2024-01-27 01:23:56', 2147483647, NULL, '', NULL, '', '', 'QIN', 'N/A', 'N/A', NULL),
(106, 1, 100000000.00, 'MED ASIA', '2024-01-27 01:23:56', '2024-01-27 01:23:56', 2147483647, NULL, '', NULL, '', '', 'MDR', 'N/A', 'N/A', NULL),
(107, 1, 100000000.00, 'MERRYMART GROCERY CENTERS  INC.-BULUA', '2024-01-27 01:23:56', '2024-01-27 01:23:56', 2147483647, NULL, '', NULL, '', '', 'ASU', 'JESSA TAGLINAO', '09177015151', NULL),
(108, 1, 100000000.00, 'MERRYMART GROCERY CENTERS  INC.-IPONAN', '2024-01-27 01:23:56', '2024-01-27 01:23:56', 2147483647, NULL, '', NULL, '', '', 'ASU', 'JESSA TAGLINAO', '09177015151', NULL),
(109, 1, 100000000.00, 'NORSAIDA STORE', '2024-01-27 01:23:57', '2024-01-27 01:23:57', 2147483647, NULL, '', NULL, '', '', 'ASU', 'N/A', 'N/A', NULL),
(110, 1, 100000000.00, 'NORTHERN SALES', '2024-01-27 01:23:57', '2024-01-27 01:23:57', 2147483647, NULL, '', NULL, '', '', 'ASU', 'DAISY/WILSON GAW', '09193279151', NULL),
(111, 1, 100000000.00, 'ORO REAL', '2024-01-27 01:23:57', '2024-01-27 01:23:57', 2147483647, NULL, '', NULL, '', '', 'HDWR', 'N/A', 'N/A', NULL),
(112, 1, 100000000.00, 'ORO SOLID', '2024-01-27 01:23:57', '2024-01-27 01:23:57', 2147483647, NULL, '', NULL, '', '', 'HDWR', 'N/A', 'N/A', NULL),
(113, 1, 100000000.00, 'ORORAMA SUPERSTORE (CARMEN)', '2024-01-27 01:23:57', '2024-01-27 01:23:57', 2147483647, NULL, '', NULL, '', '', 'ASU', 'MENCY BABA', '09363965354', NULL),
(114, 1, 100000000.00, 'ORORAMA SUPERCENTER (COGON)', '2024-01-27 01:23:57', '2024-01-27 01:23:57', 2147483647, NULL, '', NULL, '', '', 'ASU', 'ISABEL TABUAN', '09176347353', NULL),
(115, 1, 100000000.00, 'PRINCEMIN CORPORATION (OPOL)', '2024-01-27 01:23:57', '2024-01-27 01:23:57', 2147483647, NULL, '', NULL, '', '', 'ASU', 'MARY GRACE CA?ADA', '09924387917', NULL),
(116, 1, 100000000.00, 'PROGRESS TRADING', '2024-01-27 01:23:57', '2024-01-27 01:23:57', 2147483647, NULL, '', NULL, '', '', 'EGR', 'WILSON GAW', '09173279151', NULL),
(117, 1, 100000000.00, 'RASHIDA STORE (PALA?A STORE)', '2024-01-27 01:23:57', '2024-01-27 01:23:57', 2147483647, NULL, '', NULL, '', '', 'ASU', 'MELIE PADAYDA', '09173279151', NULL),
(118, 1, 100000000.00, 'RIKA  DRUGSTORE (PATAG)', '2024-01-27 01:23:57', '2024-01-27 01:23:57', 2147483647, NULL, '', NULL, '', '', 'MDR', 'RUTCHEL', '09364193500', NULL),
(119, 1, 100000000.00, 'RIKA DRUGSTORE - CAPITOL P.', '2024-01-27 01:23:57', '2024-01-27 01:23:57', 2147483647, NULL, '', NULL, '', '', 'MDR', 'RUTCHEL', '09364193500', NULL),
(120, 1, 100000000.00, 'RIKA DRUGSTORE - MAHOGANY', '2024-01-27 01:23:57', '2024-01-27 01:23:57', 2147483647, NULL, '', NULL, '', '', 'MDR', 'RUTCHEL', '09364193500', NULL),
(121, 1, 100000000.00, 'RIKA DRUGSTORE - OPOL', '2024-01-27 01:23:57', '2024-01-27 01:23:57', 2147483647, NULL, '', NULL, '', '', 'MDR', 'RUTCHEL', '09364193500', NULL),
(122, 1, 100000000.00, 'RIKA DRUGSTORE (AGORA)', '2024-01-27 01:23:57', '2024-01-27 01:23:57', 2147483647, NULL, '', NULL, '', '', 'MDR', 'RUTCHEL', '09364193500', NULL),
(123, 1, 100000000.00, 'RIKA DRUGSTORE (ALUBIJID)', '2024-01-27 01:23:57', '2024-01-27 01:23:57', 2147483647, NULL, '', NULL, '', '', 'MDR', 'RUTCHEL', '09364193500', NULL),
(124, 1, 100000000.00, 'RIKA DRUGSTORE (CARMEN MARKET)', '2024-01-27 01:23:57', '2024-01-27 01:23:57', 2147483647, NULL, '', NULL, '', '', 'MDR', 'RUTCHEL', '09364193500', NULL),
(125, 1, 100000000.00, 'RIKA DRUGSTORE (DIVISORIA)', '2024-01-27 01:23:57', '2024-01-27 01:23:57', 2147483647, NULL, '', NULL, '', '', 'MDR', 'RUTCHEL', '09364193500', NULL),
(126, 1, 100000000.00, 'RIKA DRUGSTORE (GUSA)', '2024-01-27 01:23:57', '2024-01-27 01:23:57', 2147483647, NULL, '', NULL, '', '', 'MDR', 'RUTCHEL', '09364193500', NULL),
(127, 1, 100000000.00, 'RIKA DRUGSTORE (JR BORJA)', '2024-01-27 01:23:57', '2024-01-27 01:23:57', 2147483647, NULL, '', NULL, '', '', 'MDR', 'RUTCHEL', '09364193500', NULL),
(128, 1, 100000000.00, 'RIKA DRUGSTORE (KAUSWAGAN)', '2024-01-27 01:23:57', '2024-01-27 01:23:57', 2147483647, NULL, '', NULL, '', '', 'MDR', 'RUTCHEL', '09364193500', NULL),
(129, 1, 100000000.00, 'RIKA DRUGSTORE (UPTOWN)', '2024-01-27 01:23:57', '2024-01-27 01:23:57', 2147483647, NULL, '', NULL, '', '', 'MDR', 'RUTCHEL', '09364193500', NULL),
(130, 1, 100000000.00, 'RIKA DRUGSTORE (VELEZ)', '2024-01-27 01:23:57', '2024-01-27 01:23:57', 2147483647, NULL, '', NULL, '', '', 'MDR', 'RUTCHEL', '09364193500', NULL),
(131, 1, 100000000.00, 'RIKA DRUGSTORE (VILLA ERNESTO)', '2024-01-27 01:23:57', '2024-01-27 01:23:57', 2147483647, NULL, '', NULL, '', '', 'MDR', 'RUTCHEL', '09364193500', NULL),
(132, 1, 100000000.00, 'RIKA DRUGSTORE (YACAPIN)', '2024-01-27 01:23:57', '2024-01-27 01:23:57', 2147483647, NULL, '', NULL, '', '', 'MDR', 'RUTCHEL', '09364193500', NULL),
(133, 1, 100000000.00, 'RIKA DRUGSTORE -DIVISORIA', '2024-01-27 01:23:57', '2024-01-27 01:23:57', 2147483647, NULL, '', NULL, '', '', 'MDR', 'RUTCHEL', '09364193500', NULL),
(134, 1, 100000000.00, 'RIKA DRUGSTORE- NERI PABAYO', '2024-01-27 01:23:57', '2024-01-27 01:23:57', 2147483647, NULL, '', NULL, '', '', 'MDR', 'RUTCHEL', '09364193500', NULL),
(135, 1, 100000000.00, 'RIKA DRUGSTORE- TAGOLOAN', '2024-01-27 01:23:57', '2024-01-27 01:23:57', 2147483647, NULL, '', NULL, '', '', 'MDR', 'RUTCHEL', '09364193500', NULL),
(136, 1, 100000000.00, 'RIKA DRUGSTORE- VELEZ', '2024-01-27 01:23:57', '2024-01-27 01:23:57', 2147483647, NULL, '', NULL, '', '', 'MDR', 'RUTCHEL', '09364193500', NULL),
(137, 1, 100000000.00, 'RIKA DRUGSTORE(OSME?A)', '2024-01-27 01:23:57', '2024-01-27 01:23:57', 2147483647, NULL, '', NULL, '', '', 'MDR', 'RUTCHEL', '09364193500', NULL),
(138, 1, 100000000.00, 'RIKA DRUGSTORE(PUERTO)', '2024-01-27 01:23:57', '2024-01-27 01:23:57', 2147483647, NULL, '', NULL, '', '', 'MDR', 'RUTCHEL', '09364193500', NULL),
(139, 1, 100000000.00, 'RIKA DRUGSTORE(UPTOWN CITY)', '2024-01-27 01:23:57', '2024-01-27 01:23:57', 2147483647, NULL, '', NULL, '', '', 'MDR', 'RUTCHEL', '09364193500', NULL),
(140, 1, 100000000.00, 'RIKA DRUGSTORE-VILLA ERNESTO', '2024-01-27 01:23:57', '2024-01-27 01:23:57', 2147483647, NULL, '', NULL, '', '', 'MDR', 'RUTCHEL', '09364193500', NULL),
(141, 1, 100000000.00, 'ROJON PHARMACY CORPORATION -CARMEN', '2024-01-27 01:23:57', '2024-01-27 01:23:57', 2147483647, NULL, '', NULL, '', '', 'MDR', 'N/A', 'N/A', NULL),
(142, 1, 100000000.00, 'ROJON PHARMACY CORPORATION -COGON', '2024-01-27 01:23:57', '2024-01-27 01:23:57', 2147483647, NULL, '', NULL, '', '', 'MDR', 'N/A', 'N/A', NULL),
(143, 1, 100000000.00, 'ROJON PHARMACY CORPORATION -OPOL', '2024-01-27 01:23:57', '2024-01-27 01:23:57', 2147483647, NULL, '', NULL, '', '', 'MDR', 'N/A', 'N/A', NULL),
(144, 1, 100000000.00, 'ROJON PHARMACY CORPORATION -PUERTO', '2024-01-27 01:23:57', '2024-01-27 01:23:57', 2147483647, NULL, '', NULL, '', '', 'MDR', 'N/A', 'N/A', NULL),
(145, 1, 100000000.00, 'ROSE PHAR.  INC. (SHOPWISE)', '2024-01-27 01:23:57', '2024-01-27 01:23:57', 2147483647, NULL, '', NULL, '', '', 'MDR', 'N/A', 'N/A', NULL),
(146, 1, 100000000.00, 'ROSE PHAR. (GUSA WAREHOUSE)', '2024-01-27 01:23:57', '2024-01-27 01:23:57', 2147483647, NULL, '', NULL, '', '', 'MDR', 'N/A', 'N/A', NULL),
(147, 1, 100000000.00, 'ROSE PHAR. INC ( DAUMAR)', '2024-01-27 01:23:57', '2024-01-27 01:23:57', 2147483647, NULL, '', NULL, '', '', 'MDR', 'N/A', 'N/A', NULL),
(148, 1, 100000000.00, 'ROSE PHAR. INC ( PUEBLO)', '2024-01-27 01:23:57', '2024-01-27 01:23:57', 2147483647, NULL, '', NULL, '', '', 'MDR', 'N/A', 'N/A', NULL),
(149, 1, 100000000.00, 'ROSE PHAR. INC (GUSA)', '2024-01-27 01:23:57', '2024-01-27 01:23:57', 2147483647, NULL, '', NULL, '', '', 'MDR', 'N/A', 'N/A', NULL),
(150, 1, 100000000.00, 'ROSE PHAR. INC (JR.BORJA)', '2024-01-27 01:23:57', '2024-01-27 01:23:57', 2147483647, NULL, '', NULL, '', '', 'MDR', 'N/A', 'N/A', NULL),
(151, 1, 100000000.00, 'ROSE PHAR. INC (KAUSWAGAN)', '2024-01-27 01:23:57', '2024-01-27 01:23:57', 2147483647, NULL, '', NULL, '', '', 'MDR', 'N/A', 'N/A', NULL),
(152, 1, 100000000.00, 'ROSE PHAR. INC (LAPASAN)', '2024-01-27 01:23:57', '2024-01-27 01:23:57', 2147483647, NULL, '', NULL, '', '', 'MDR', 'N/A', 'N/A', NULL),
(153, 1, 100000000.00, 'ROSE PHAR. INC (MACASANDIG)', '2024-01-27 01:23:57', '2024-01-27 01:23:57', 2147483647, NULL, '', NULL, '', '', 'MDR', 'N/A', 'N/A', NULL),
(154, 1, 100000000.00, 'ROSE PHAR. INC (PUERTO)', '2024-01-27 01:23:57', '2024-01-27 01:23:57', 2147483647, NULL, '', NULL, '', '', 'MDR', 'N/A', 'N/A', NULL),
(155, 1, 100000000.00, 'ROSE PHAR. INC. - (BULUA GAISANO)', '2024-01-27 01:23:57', '2024-01-27 01:23:57', 2147483647, NULL, '', NULL, '', '', 'MDR', 'N/A', 'N/A', NULL),
(156, 1, 100000000.00, 'ROSE PHAR. INC. ( CRUZ TAAL)', '2024-01-27 01:23:57', '2024-01-27 01:23:57', 2147483647, NULL, '', NULL, '', '', 'MDR', 'N/A', 'N/A', NULL),
(157, 1, 100000000.00, 'ROSE PHAR. INC. (CARMEN)', '2024-01-27 01:23:57', '2024-01-27 01:23:57', 2147483647, NULL, '', NULL, '', '', 'MDR', 'N/A', 'N/A', NULL),
(158, 1, 100000000.00, 'ROSE PHAR. INC. (GAISANO)', '2024-01-27 01:23:57', '2024-01-27 01:23:57', 2147483647, NULL, '', NULL, '', '', 'MDR', 'N/A', 'N/A', NULL),
(159, 1, 100000000.00, 'ROSE PHAR. INC. (VAMENTA)', '2024-01-27 01:23:57', '2024-01-27 01:23:57', 2147483647, NULL, '', NULL, '', '', 'MDR', 'N/A', 'N/A', NULL),
(160, 1, 100000000.00, 'ROSE PHAR. INC.( ABEJUELA)', '2024-01-27 01:23:57', '2024-01-27 01:23:57', 2147483647, NULL, '', NULL, '', '', 'MDR', 'N/A', 'N/A', NULL),
(161, 1, 100000000.00, 'ROSE PHAR. INC.(BULUA)', '2024-01-27 01:23:57', '2024-01-27 01:23:57', 2147483647, NULL, '', NULL, '', '', 'MDR', 'N/A', 'N/A', NULL),
(162, 1, 100000000.00, 'ROSE PHAR.INC (AYALA CENTRIO)', '2024-01-27 01:23:57', '2024-01-27 01:23:57', 2147483647, NULL, '', NULL, '', '', 'MDR', 'N/A', 'N/A', NULL),
(163, 1, 100000000.00, 'ROSE PHAR.INC (LIMKETKAI)', '2024-01-27 01:23:57', '2024-01-27 01:23:57', 2147483647, NULL, '', NULL, '', '', 'MDR', 'N/A', 'N/A', NULL),
(164, 1, 100000000.00, 'ROSE PHAR.INC (ORORAMA CARMEN)', '2024-01-27 01:23:57', '2024-01-27 01:23:57', 2147483647, NULL, '', NULL, '', '', 'MDR', 'N/A', 'N/A', NULL),
(165, 1, 100000000.00, 'ROSE PHAR.INC (ORORAMA COGON)', '2024-01-27 01:23:57', '2024-01-27 01:23:57', 2147483647, NULL, '', NULL, '', '', 'MDR', 'N/A', 'N/A', NULL),
(166, 1, 100000000.00, 'ROSE PHAR.INC.(AGORA)', '2024-01-27 01:23:57', '2024-01-27 01:23:57', 2147483647, NULL, '', NULL, '', '', 'MDR', 'N/A', 'N/A', NULL),
(167, 1, 100000000.00, 'ROSE PHARMACY - GAISANO BULUA 2', '2024-01-27 01:23:57', '2024-01-27 01:23:57', 2147483647, NULL, '', NULL, '', '', 'MDR', 'N/A', 'N/A', NULL),
(168, 1, 100000000.00, 'SALAHID', '2024-01-27 01:23:57', '2024-01-27 01:23:57', 2147483647, NULL, '', NULL, '', '', 'GCO', 'N/A', 'N/A', NULL),
(169, 1, 100000000.00, 'SALWIN MART', '2024-01-27 01:23:57', '2024-01-27 01:23:57', 2147483647, NULL, '', NULL, '', '', 'EGR', 'SHERWIN UY', '09178475865', NULL),
(170, 1, 100000000.00, 'SAVEMORE PHARMACY', '2024-01-27 01:23:57', '2024-01-27 01:23:57', 2147483647, NULL, '', NULL, '', '', 'MDR', 'N/A', 'N/A', NULL),
(171, 1, 100000000.00, 'SCC', '2024-01-27 01:23:57', '2024-01-27 01:23:57', 2147483647, NULL, '', NULL, '', '', 'EGR', 'N/A', 'N/A', NULL),
(172, 1, 100000000.00, 'SIA BON SUAN (GIFTMATE GIFTSHOP)', '2024-01-27 01:23:57', '2024-01-27 01:23:57', 2147483647, NULL, '', NULL, '', '', 'QIN', 'N/A', 'N/A', NULL),
(173, 1, 100000000.00, 'SOLID SHIPPING LINES', '2024-01-27 01:23:57', '2024-01-27 01:23:57', 2147483647, NULL, '', NULL, '', '', 'QIN', 'N/A', 'N/A', NULL),
(174, 1, 100000000.00, 'STRZ ELECTRONICS', '2024-01-27 01:23:57', '2024-01-27 01:23:57', 2147483647, NULL, '', NULL, '', '', 'HDWR', 'N/A', 'N/A', NULL),
(175, 1, 100000000.00, 'SUCCESS ENTERPRISE', '2024-01-27 01:23:57', '2024-01-27 01:23:57', 2147483647, NULL, '', NULL, '', '', 'EGR', 'GRACE BOOC', '09177048723', NULL),
(176, 1, 100000000.00, 'TH CAGAYAN', '2024-01-27 01:23:57', '2024-01-27 01:23:57', 2147483647, NULL, '', NULL, '', '', 'EGR', 'BETH', '09464476955', NULL),
(177, 1, 100000000.00, 'TRU PARTS', '2024-01-27 01:23:57', '2024-01-27 01:23:57', 2147483647, NULL, '', NULL, '', '', 'HDWR', 'N/A', 'N/A', NULL),
(178, 1, 100000000.00, 'TUNA MARKETING', '2024-01-27 01:23:57', '2024-01-27 01:23:57', 2147483647, NULL, '', NULL, '', '', 'HDWR', 'N/A', 'N/A', NULL),
(179, 1, 100000000.00, 'UN ELECTRONICS', '2024-01-27 01:23:57', '2024-01-27 01:23:57', 2147483647, NULL, '', NULL, '', '', 'HDWR', 'N/A', 'N/A', NULL),
(180, 1, 100000000.00, 'UNITOP GENERAL MERCHANDISE INC.- CARMEN', '2024-01-27 01:23:57', '2024-01-27 01:23:57', 2147483647, NULL, '', NULL, '', '', 'ASU', 'N/A', 'N/A', NULL),
(181, 1, 100000000.00, 'UNITOP GENERAL MERCHANDISE INC.-COGON', '2024-01-27 01:23:57', '2024-01-27 01:23:57', 2147483647, NULL, '', NULL, '', '', 'ASU', 'N/A', 'N/A', NULL),
(182, 1, 100000000.00, 'UNIVERSAL CAGAYAN', '2024-01-27 01:23:57', '2024-01-27 01:23:57', 2147483647, NULL, '', NULL, '', '', 'HDWR', 'N/A', 'N/A', NULL),
(183, 1, 100000000.00, 'UP MARKETING', '2024-01-27 01:23:57', '2024-01-27 01:23:57', 2147483647, NULL, '', NULL, '', '', 'HDWR', 'N/A', 'N/A', NULL),
(184, 1, 100000000.00, 'VMED MARKETING', '2024-01-27 01:23:57', '2024-01-27 01:23:57', 2147483647, NULL, '', NULL, '', '', 'MDR', 'N/A', 'N/A', NULL),
(185, 1, 100000000.00, 'WADHUS', '2024-01-27 01:23:57', '2024-01-27 01:23:57', 2147483647, NULL, '', NULL, '', '', 'QIN', 'N/A', 'N/A', NULL),
(186, 1, 100000000.00, 'WESTERN ENT', '2024-01-27 01:23:57', '2024-01-27 01:23:57', 2147483647, NULL, '', NULL, '', '', 'ASU', 'N/A', 'N/A', NULL),
(187, 1, 1000000.00, 'STORE', '2024-01-27 01:23:57', '2024-01-27 01:23:57', 1, NULL, 'COD', NULL, '', '', 'SSS', 'JOHN SIDNEY SALAZAR', '009533844872', NULL),
(188, 1, 123.00, 'QWEQW', '2024-01-27 01:23:57', '2024-01-27 01:23:57', 1, NULL, 'COD', NULL, '', '', 'SM', 'EQWEQWE', '009533844872', NULL);

-- --------------------------------------------------------

--
-- Table structure for table `customer_exports`
--

DROP TABLE IF EXISTS `customer_exports`;
CREATE TABLE IF NOT EXISTS `customer_exports` (
  `id` bigint UNSIGNED NOT NULL AUTO_INCREMENT,
  `store_name` varchar(191) COLLATE utf8mb4_unicode_ci NOT NULL,
  `contact_person` varchar(191) COLLATE utf8mb4_unicode_ci NOT NULL,
  `contact_number` varchar(191) COLLATE utf8mb4_unicode_ci NOT NULL,
  `location` varchar(191) COLLATE utf8mb4_unicode_ci NOT NULL,
  `location_id` varchar(191) COLLATE utf8mb4_unicode_ci NOT NULL,
  `detailed_address` varchar(191) COLLATE utf8mb4_unicode_ci NOT NULL,
  `created_at` timestamp NULL DEFAULT NULL,
  `updated_at` timestamp NULL DEFAULT NULL,
  `exported` varchar(191) COLLATE utf8mb4_unicode_ci DEFAULT NULL,
  `kob` varchar(191) COLLATE utf8mb4_unicode_ci DEFAULT NULL,
  `latitude` varchar(191) COLLATE utf8mb4_unicode_ci NOT NULL,
  `status` varchar(191) COLLATE utf8mb4_unicode_ci DEFAULT NULL,
  `customer_id` bigint DEFAULT NULL,
  `principal_id` bigint DEFAULT NULL,
  `price_level` varchar(191) COLLATE utf8mb4_unicode_ci DEFAULT NULL,
  `mode_of_transaction` varchar(191) COLLATE utf8mb4_unicode_ci DEFAULT NULL,
  `longitude` varchar(191) COLLATE utf8mb4_unicode_ci DEFAULT NULL,
  PRIMARY KEY (`id`)
) ENGINE=MyISAM DEFAULT CHARSET=utf8mb4 COLLATE=utf8mb4_unicode_ci;

-- --------------------------------------------------------

--
-- Table structure for table `customer_export_details`
--

DROP TABLE IF EXISTS `customer_export_details`;
CREATE TABLE IF NOT EXISTS `customer_export_details` (
  `id` bigint UNSIGNED NOT NULL AUTO_INCREMENT,
  `customer_export_id` bigint DEFAULT NULL,
  `customer_id` bigint DEFAULT NULL,
  `principal_id` bigint DEFAULT NULL,
  `price_level` varchar(191) COLLATE utf8mb4_unicode_ci DEFAULT NULL,
  `created_at` timestamp NULL DEFAULT NULL,
  `updated_at` timestamp NULL DEFAULT NULL,
  PRIMARY KEY (`id`)
) ENGINE=MyISAM DEFAULT CHARSET=utf8mb4 COLLATE=utf8mb4_unicode_ci;

-- --------------------------------------------------------

--
-- Table structure for table `customer_principal_codes`
--

DROP TABLE IF EXISTS `customer_principal_codes`;
CREATE TABLE IF NOT EXISTS `customer_principal_codes` (
  `id` bigint UNSIGNED NOT NULL AUTO_INCREMENT,
  `customer_id` bigint UNSIGNED NOT NULL,
  `principal_id` bigint UNSIGNED NOT NULL,
  `store_code` varchar(191) COLLATE utf8mb4_unicode_ci NOT NULL,
  `created_at` timestamp NULL DEFAULT NULL,
  `updated_at` timestamp NULL DEFAULT NULL,
  PRIMARY KEY (`id`),
  KEY `customer_principal_codes_customer_id_index` (`customer_id`),
  KEY `customer_principal_codes_principal_id_index` (`principal_id`)
) ENGINE=MyISAM DEFAULT CHARSET=utf8mb4 COLLATE=utf8mb4_unicode_ci;

-- --------------------------------------------------------

--
-- Table structure for table `customer_principal_discounts`
--

DROP TABLE IF EXISTS `customer_principal_discounts`;
CREATE TABLE IF NOT EXISTS `customer_principal_discounts` (
  `id` bigint UNSIGNED NOT NULL AUTO_INCREMENT,
  `customer_id` bigint UNSIGNED NOT NULL,
  `principal_id` bigint UNSIGNED NOT NULL,
  `discount_name` varchar(191) COLLATE utf8mb4_unicode_ci NOT NULL,
  `discount_rate` double NOT NULL,
  `created_at` timestamp NULL DEFAULT NULL,
  `updated_at` timestamp NULL DEFAULT NULL,
  PRIMARY KEY (`id`),
  KEY `customer_principal_discounts_customer_id_index` (`customer_id`),
  KEY `customer_principal_discounts_principal_id_index` (`principal_id`)
) ENGINE=MyISAM DEFAULT CHARSET=utf8mb4 COLLATE=utf8mb4_unicode_ci;

-- --------------------------------------------------------

--
-- Table structure for table `customer_principal_prices`
--

DROP TABLE IF EXISTS `customer_principal_prices`;
CREATE TABLE IF NOT EXISTS `customer_principal_prices` (
  `id` bigint UNSIGNED NOT NULL AUTO_INCREMENT,
  `customer_id` bigint UNSIGNED NOT NULL,
  `principal_id` bigint UNSIGNED NOT NULL,
  `price_level` varchar(191) COLLATE utf8mb4_unicode_ci NOT NULL,
  `created_at` timestamp NULL DEFAULT NULL,
  `updated_at` timestamp NULL DEFAULT NULL,
  PRIMARY KEY (`id`),
  KEY `customer_principal_prices_customer_id_index` (`customer_id`),
  KEY `customer_principal_prices_principal_id_index` (`principal_id`)
) ENGINE=MyISAM AUTO_INCREMENT=17 DEFAULT CHARSET=utf8mb4 COLLATE=utf8mb4_unicode_ci;

--
-- Dumping data for table `customer_principal_prices`
--

INSERT INTO `customer_principal_prices` (`id`, `customer_id`, `principal_id`, `price_level`, `created_at`, `updated_at`) VALUES
(1, 22, 3, 'price_1', '2024-01-27 01:23:56', '2024-01-27 01:23:56'),
(2, 23, 2, 'price_1', '2024-01-27 01:23:56', '2024-01-27 01:23:56'),
(3, 23, 3, 'price_1', '2024-01-27 01:23:56', '2024-01-27 01:23:56'),
(4, 23, 4, 'price_1', '2024-01-27 01:23:56', '2024-01-27 01:23:56'),
(5, 23, 5, 'price_1', '2024-01-27 01:23:56', '2024-01-27 01:23:56'),
(6, 23, 6, 'price_1', '2024-01-27 01:23:56', '2024-01-27 01:23:56'),
(7, 23, 7, 'price_1', '2024-01-27 01:23:56', '2024-01-27 01:23:56'),
(8, 23, 8, 'price_1', '2024-01-27 01:23:56', '2024-01-27 01:23:56'),
(9, 23, 10, 'price_1', '2024-01-27 01:23:56', '2024-01-27 01:23:56'),
(10, 24, 7, 'price_1', '2024-01-27 01:23:56', '2024-01-27 01:23:56'),
(11, 25, 7, 'price_1', '2024-01-27 01:23:56', '2024-01-27 01:23:56'),
(12, 25, 2, 'price_1', '2024-01-27 01:23:56', '2024-01-27 01:23:56'),
(13, 26, 7, 'price_1', '2024-01-27 01:23:56', '2024-01-27 01:23:56'),
(14, 27, 2, 'price_1', '2024-01-27 01:23:56', '2024-01-27 01:23:56'),
(15, 28, 2, 'price_1', '2024-01-27 01:23:56', '2024-01-27 01:23:56'),
(16, 30, 2, 'price_1', '2024-01-27 01:23:56', '2024-01-27 01:23:56');

-- --------------------------------------------------------

--
-- Table structure for table `failed_jobs`
--

DROP TABLE IF EXISTS `failed_jobs`;
CREATE TABLE IF NOT EXISTS `failed_jobs` (
  `id` bigint UNSIGNED NOT NULL AUTO_INCREMENT,
  `uuid` varchar(191) COLLATE utf8mb4_unicode_ci NOT NULL,
  `connection` text COLLATE utf8mb4_unicode_ci NOT NULL,
  `queue` text COLLATE utf8mb4_unicode_ci NOT NULL,
  `payload` longtext COLLATE utf8mb4_unicode_ci NOT NULL,
  `exception` longtext COLLATE utf8mb4_unicode_ci NOT NULL,
  `failed_at` timestamp NOT NULL DEFAULT CURRENT_TIMESTAMP,
  PRIMARY KEY (`id`),
  UNIQUE KEY `failed_jobs_uuid_unique` (`uuid`)
) ENGINE=MyISAM DEFAULT CHARSET=utf8mb4 COLLATE=utf8mb4_unicode_ci;

-- --------------------------------------------------------

--
-- Table structure for table `inventories`
--

DROP TABLE IF EXISTS `inventories`;
CREATE TABLE IF NOT EXISTS `inventories` (
  `id` bigint UNSIGNED NOT NULL AUTO_INCREMENT,
  `sku_code` varchar(191) COLLATE utf8mb4_unicode_ci NOT NULL,
  `description` varchar(191) COLLATE utf8mb4_unicode_ci NOT NULL,
  `sku_type` varchar(191) COLLATE utf8mb4_unicode_ci NOT NULL,
  `principal_id` bigint UNSIGNED NOT NULL,
  `running_balance` int NOT NULL,
  `price_1` decimal(15,4) NOT NULL,
  `price_2` decimal(15,4) NOT NULL,
  `price_3` decimal(15,4) NOT NULL,
  `price_4` decimal(15,4) NOT NULL,
  `created_at` timestamp NULL DEFAULT NULL,
  `updated_at` timestamp NULL DEFAULT NULL,
  `uom` varchar(191) COLLATE utf8mb4_unicode_ci NOT NULL,
  PRIMARY KEY (`id`),
  KEY `inventories_principal_id_index` (`principal_id`)
) ENGINE=MyISAM AUTO_INCREMENT=216 DEFAULT CHARSET=utf8mb4 COLLATE=utf8mb4_unicode_ci;

--
-- Dumping data for table `inventories`
--

INSERT INTO `inventories` (`id`, `sku_code`, `description`, `sku_type`, `principal_id`, `running_balance`, `price_1`, `price_2`, `price_3`, `price_4`, `created_at`, `updated_at`, `uom`) VALUES
(211, '40M150', 'GREEN CROSS ALCOHOL W/ MOISTURIZER 40% 150 ML', 'CASE', 2, 4055, 450.0000, 0.0000, 0.0000, 0.0000, '2024-01-27 01:43:54', '2024-01-27 01:43:54', 'CASE'),
(212, '40M250', 'GREEN CROSS ALCOHOL W/ MOISTURIZER 40% 250 ML', 'CASE', 2, 1976, 470.0000, 470.0000, 470.0000, 0.0000, '2024-01-27 01:43:54', '2024-01-27 01:43:54', 'CASE'),
(213, '40M500', 'GREEN CROSS ALCOHOL W/ MOISTURIZER 40% 500 ML', 'CASE', 2, 1967, 400.0000, 400.0000, 400.0000, 0.0000, '2024-01-27 01:43:54', '2024-01-27 01:43:54', 'CASE'),
(214, '40P150', 'GREEN CROSS ALCOHOL 40% 150 ML', 'CASE', 2, 1952, 305.0000, 0.0000, 0.0000, 0.0000, '2024-01-27 01:43:54', '2024-01-27 01:43:54', 'CASE'),
(215, '40P250', 'GREEN CROSS  ALCOHOL 40% 250 ML', 'CASE', 2, 996, 365.0000, 0.0000, 0.0000, 0.0000, '2024-01-27 01:43:54', '2024-01-27 01:43:54', 'CASE');

-- --------------------------------------------------------

--
-- Table structure for table `inventory_drafts`
--

DROP TABLE IF EXISTS `inventory_drafts`;
CREATE TABLE IF NOT EXISTS `inventory_drafts` (
  `id` bigint UNSIGNED NOT NULL AUTO_INCREMENT,
  `customer_id` bigint NOT NULL,
  `principal_id` varchar(191) COLLATE utf8mb4_unicode_ci NOT NULL,
  `sku_type` varchar(191) COLLATE utf8mb4_unicode_ci NOT NULL,
  `sales_register_id` bigint DEFAULT NULL,
  `date_delivered` varchar(191) COLLATE utf8mb4_unicode_ci DEFAULT NULL,
  `status` varchar(191) COLLATE utf8mb4_unicode_ci DEFAULT NULL,
  `created_at` timestamp NULL DEFAULT NULL,
  `updated_at` timestamp NULL DEFAULT NULL,
  PRIMARY KEY (`id`)
) ENGINE=MyISAM AUTO_INCREMENT=2 DEFAULT CHARSET=utf8mb4 COLLATE=utf8mb4_unicode_ci;

--
-- Dumping data for table `inventory_drafts`
--

INSERT INTO `inventory_drafts` (`id`, `customer_id`, `principal_id`, `sku_type`, `sales_register_id`, `date_delivered`, `status`, `created_at`, `updated_at`) VALUES
(1, 23, '2', 'CASE', NULL, NULL, NULL, '2024-01-26 17:44:22', '2024-01-26 17:44:22');

-- --------------------------------------------------------

--
-- Table structure for table `inventory_draft_details`
--

DROP TABLE IF EXISTS `inventory_draft_details`;
CREATE TABLE IF NOT EXISTS `inventory_draft_details` (
  `id` bigint UNSIGNED NOT NULL AUTO_INCREMENT,
  `inventory_draft_id` bigint NOT NULL,
  `inventory_id` bigint NOT NULL,
  `remaining_quantity` int NOT NULL,
  `bo` varchar(191) COLLATE utf8mb4_unicode_ci NOT NULL,
  `unit_price` double(15,4) NOT NULL,
  `sku_type` varchar(191) COLLATE utf8mb4_unicode_ci NOT NULL,
  `created_at` timestamp NULL DEFAULT NULL,
  `updated_at` timestamp NULL DEFAULT NULL,
  `delivered_quantity` int NOT NULL,
  `rgs` int DEFAULT NULL,
  PRIMARY KEY (`id`)
) ENGINE=MyISAM AUTO_INCREMENT=3 DEFAULT CHARSET=utf8mb4 COLLATE=utf8mb4_unicode_ci;

--
-- Dumping data for table `inventory_draft_details`
--

INSERT INTO `inventory_draft_details` (`id`, `inventory_draft_id`, `inventory_id`, `remaining_quantity`, `bo`, `unit_price`, `sku_type`, `created_at`, `updated_at`, `delivered_quantity`, `rgs`) VALUES
(1, 1, 211, 5, '3', 0.0000, 'CASE', '2024-01-26 17:44:22', '2024-01-26 17:44:22', 0, 2),
(2, 1, 212, 4, '3', 0.0000, 'CASE', '2024-01-26 17:44:22', '2024-01-26 17:44:22', 0, 3);

-- --------------------------------------------------------

--
-- Table structure for table `locations`
--

DROP TABLE IF EXISTS `locations`;
CREATE TABLE IF NOT EXISTS `locations` (
  `id` bigint UNSIGNED NOT NULL AUTO_INCREMENT,
  `created_at` timestamp NULL DEFAULT NULL,
  `updated_at` timestamp NULL DEFAULT NULL,
  `location` varchar(191) COLLATE utf8mb4_unicode_ci NOT NULL,
  PRIMARY KEY (`id`)
) ENGINE=MyISAM AUTO_INCREMENT=2 DEFAULT CHARSET=utf8mb4 COLLATE=utf8mb4_unicode_ci;

--
-- Dumping data for table `locations`
--

INSERT INTO `locations` (`id`, `created_at`, `updated_at`, `location`) VALUES
(1, '2024-01-27 01:23:40', '2024-01-27 01:23:40', 'MAS1 - VILLANUEVA');

-- --------------------------------------------------------

--
-- Table structure for table `migrations`
--

DROP TABLE IF EXISTS `migrations`;
CREATE TABLE IF NOT EXISTS `migrations` (
  `id` int UNSIGNED NOT NULL AUTO_INCREMENT,
  `migration` varchar(191) COLLATE utf8mb4_unicode_ci NOT NULL,
  `batch` int NOT NULL,
  PRIMARY KEY (`id`)
) ENGINE=MyISAM AUTO_INCREMENT=70 DEFAULT CHARSET=utf8mb4 COLLATE=utf8mb4_unicode_ci;

--
-- Dumping data for table `migrations`
--

INSERT INTO `migrations` (`id`, `migration`, `batch`) VALUES
(1, '2014_10_12_000000_create_users_table', 1),
(2, '2014_10_12_100000_create_password_resets_table', 1),
(3, '2019_08_19_000000_create_failed_jobs_table', 1),
(4, '2019_12_14_000001_create_personal_access_tokens_table', 1),
(5, '2022_07_11_112510_create_locations_table', 1),
(6, '2022_07_11_112603_create_principals_table', 1),
(7, '2022_07_11_113846_add_column_user_image_to_users', 1),
(8, '2022_07_11_114940_create_agent_users_table', 1),
(9, '2022_07_11_122307_add_column_to_location_table', 1),
(10, '2022_07_11_122406_add_column_to_principal', 1),
(11, '2022_07_11_123645_create_customers_table', 1),
(12, '2022_07_12_005703_create_audit_trails_table', 1),
(13, '2022_07_12_011311_add_column_time_stamp', 1),
(14, '2022_07_12_012836_create_customer_principal_codes_table', 1),
(15, '2022_07_12_014610_create_customer_principal_prices_table', 1),
(16, '2022_07_12_015034_create_inventories_table', 1),
(17, '2022_07_12_021928_add_column_uom_to_inventory', 1),
(18, '2022_07_12_055130_create_sales_registers_table', 1),
(19, '2022_07_12_120706_create_sales_register_details_table', 1),
(20, '2022_07_13_140234_create_sales_orders_table', 1),
(21, '2022_07_13_140611_create_sales_order_details_table', 1),
(22, '2022_07_13_143953_add_column_sales_order_id', 1),
(23, '2022_07_13_144811_add_column_date_to_sales_order', 1),
(24, '2022_07_14_113437_add_column_allowed_number_of_sales_order', 1),
(25, '2022_07_14_125007_add_column_status_to_table_sales_order', 1),
(26, '2022_07_16_031934_add_column_special_account_to_table_customer', 1),
(27, '2022_07_16_035101_create_customer_principal_discounts_table', 1),
(28, '2022_07_19_124921_add_column_exported_to_table_sales_order', 1),
(29, '2022_07_19_235913_create_collections_table', 1),
(30, '2022_07_20_000902_create_collection_details_table', 1),
(31, '2022_07_20_001517_add_column_balance_to_collections', 1),
(32, '2022_07_20_113822_add_principal_to_collection', 1),
(33, '2022_07_20_120610_add_amount_paid_to_sales_order', 1),
(34, '2022_07_20_122143_add_amount_paid_to_sales_register', 1),
(35, '2022_07_20_132318_add_column_export_to_collection', 1),
(36, '2022_07_21_000258_add_remarks_to_collection', 1),
(37, '2022_07_21_131713_create_bad_orders_table', 1),
(38, '2022_07_22_002112_create_bad_order_details_table', 1),
(39, '2022_07_22_002830_add_sales_register_id_to_bad_order', 1),
(40, '2022_07_22_061251_add_column_total_bo_to_collection', 1),
(41, '2022_07_28_112456_add_column_to_collections_details', 1),
(42, '2022_07_28_122128_add_or_number_to_collections', 1),
(43, '2022_07_28_123027_add_balance_to_collection_details', 1),
(44, '2022_07_28_143049_add_columns_to_customer', 1),
(45, '2022_08_02_112929_create_customer_exports_table', 1),
(46, '2022_08_02_114357_add_exported_to_customer_export', 1),
(47, '2022_08_03_121600_add_kob_to_customer_export', 1),
(48, '2022_08_03_125306_add_sales_order_to_sales_order', 1),
(49, '2022_09_07_005350_add_column_latitude_to_customer', 1),
(50, '2022_09_07_023452_add_status_to_customer_export', 1),
(51, '2022_09_07_093650_create_sales_order_new_customers_table', 1),
(52, '2022_09_07_095300_create_sales_order_for_new_customers_table', 1),
(53, '2022_09_07_100124_create_sales_order_for_new_customer_details_table', 1),
(54, '2022_09_07_125416_add_column_to_customer', 1),
(55, '2022_09_17_124557_add_all_to_customers', 1),
(56, '2022_09_18_002247_add_column_to_table_customer_export', 1),
(57, '2022_09_18_004818_add_price_level_to_customer_export', 1),
(58, '2022_09_18_010435_add_mot_to_customer_export', 1),
(59, '2022_09_18_062823_create_customer_export_details_table', 1),
(60, '2022_09_23_043855_add_longitude_to_customer_exports', 1),
(61, '2022_10_03_125808_create_inventory_drafts_table', 1),
(62, '2022_10_03_131639_create_inventory_draft_details_table', 1),
(63, '2022_10_03_133033_add_pre_inventory', 1),
(64, '2023_05_29_004926_add_rgs_col_to_inventory_draft_details', 1),
(65, '2023_05_29_095835_add_area_in_agent_user', 1),
(66, '2023_05_29_103528_create_return_good_stocks_table', 1),
(67, '2023_05_29_103621_create_return_good_stock_details_table', 1),
(68, '2023_10_30_032036_add_status_to_bad_order', 1),
(69, '2023_10_30_032153_add_status_to_return_good_stock', 1);

-- --------------------------------------------------------

--
-- Table structure for table `password_resets`
--

DROP TABLE IF EXISTS `password_resets`;
CREATE TABLE IF NOT EXISTS `password_resets` (
  `email` varchar(191) COLLATE utf8mb4_unicode_ci NOT NULL,
  `token` varchar(191) COLLATE utf8mb4_unicode_ci NOT NULL,
  `created_at` timestamp NULL DEFAULT NULL,
  KEY `password_resets_email_index` (`email`)
) ENGINE=MyISAM DEFAULT CHARSET=utf8mb4 COLLATE=utf8mb4_unicode_ci;

-- --------------------------------------------------------

--
-- Table structure for table `personal_access_tokens`
--

DROP TABLE IF EXISTS `personal_access_tokens`;
CREATE TABLE IF NOT EXISTS `personal_access_tokens` (
  `id` bigint UNSIGNED NOT NULL AUTO_INCREMENT,
  `tokenable_type` varchar(191) COLLATE utf8mb4_unicode_ci NOT NULL,
  `tokenable_id` bigint UNSIGNED NOT NULL,
  `name` varchar(191) COLLATE utf8mb4_unicode_ci NOT NULL,
  `token` varchar(64) COLLATE utf8mb4_unicode_ci NOT NULL,
  `abilities` text COLLATE utf8mb4_unicode_ci,
  `last_used_at` timestamp NULL DEFAULT NULL,
  `created_at` timestamp NULL DEFAULT NULL,
  `updated_at` timestamp NULL DEFAULT NULL,
  PRIMARY KEY (`id`),
  UNIQUE KEY `personal_access_tokens_token_unique` (`token`),
  KEY `personal_access_tokens_tokenable_type_tokenable_id_index` (`tokenable_type`,`tokenable_id`)
) ENGINE=MyISAM DEFAULT CHARSET=utf8mb4 COLLATE=utf8mb4_unicode_ci;

-- --------------------------------------------------------

--
-- Table structure for table `principals`
--

DROP TABLE IF EXISTS `principals`;
CREATE TABLE IF NOT EXISTS `principals` (
  `id` bigint UNSIGNED NOT NULL AUTO_INCREMENT,
  `created_at` timestamp NULL DEFAULT NULL,
  `updated_at` timestamp NULL DEFAULT NULL,
  `principal` varchar(191) COLLATE utf8mb4_unicode_ci NOT NULL,
  PRIMARY KEY (`id`)
) ENGINE=MyISAM AUTO_INCREMENT=11 DEFAULT CHARSET=utf8mb4 COLLATE=utf8mb4_unicode_ci;

--
-- Dumping data for table `principals`
--

INSERT INTO `principals` (`id`, `created_at`, `updated_at`, `principal`) VALUES
(2, '2024-01-27 01:23:49', '2024-01-27 01:23:49', 'GCI'),
(3, '2024-01-27 01:23:49', '2024-01-27 01:23:49', 'PFC'),
(4, '2024-01-27 01:23:49', '2024-01-27 01:23:49', 'EPI'),
(5, '2024-01-27 01:23:49', '2024-01-27 01:23:49', 'DOLE'),
(6, '2024-01-27 01:23:49', '2024-01-27 01:23:49', 'ALASKA'),
(7, '2024-01-27 01:23:49', '2024-01-27 01:23:49', 'CIFPI'),
(8, '2024-01-27 01:23:49', '2024-01-27 01:23:49', 'PPMC'),
(10, '2024-01-27 01:23:49', '2024-01-27 01:23:49', 'SUNPRIDE FOODS');

-- --------------------------------------------------------

--
-- Table structure for table `return_good_stocks`
--

DROP TABLE IF EXISTS `return_good_stocks`;
CREATE TABLE IF NOT EXISTS `return_good_stocks` (
  `id` bigint UNSIGNED NOT NULL AUTO_INCREMENT,
  `pcm_number` varchar(191) COLLATE utf8mb4_unicode_ci NOT NULL,
  `total_bo` double(15,4) NOT NULL,
  `agent_id` int NOT NULL,
  `customer_id` bigint UNSIGNED NOT NULL,
  `principal_id` bigint UNSIGNED NOT NULL,
  `created_at` timestamp NULL DEFAULT NULL,
  `updated_at` timestamp NULL DEFAULT NULL,
  `status` varchar(10) COLLATE utf8mb4_unicode_ci DEFAULT NULL,
  PRIMARY KEY (`id`),
  KEY `return_good_stocks_customer_id_index` (`customer_id`),
  KEY `return_good_stocks_principal_id_index` (`principal_id`)
) ENGINE=MyISAM AUTO_INCREMENT=2 DEFAULT CHARSET=utf8mb4 COLLATE=utf8mb4_unicode_ci;

--
-- Dumping data for table `return_good_stocks`
--

INSERT INTO `return_good_stocks` (`id`, `pcm_number`, `total_bo`, `agent_id`, `customer_id`, `principal_id`, `created_at`, `updated_at`, `status`) VALUES
(1, 'PCM-RGS-MAS-ALFE COMM\'L-1-0001', 5.0000, 1, 23, 2, '2024-01-27 01:46:12', '2024-01-26 17:46:50', 'exported');

-- --------------------------------------------------------

--
-- Table structure for table `return_good_stock_details`
--

DROP TABLE IF EXISTS `return_good_stock_details`;
CREATE TABLE IF NOT EXISTS `return_good_stock_details` (
  `id` bigint UNSIGNED NOT NULL AUTO_INCREMENT,
  `rgs_id` bigint UNSIGNED NOT NULL,
  `inventory_id` bigint UNSIGNED NOT NULL,
  `quantity` int NOT NULL,
  `unit_price` double(15,4) NOT NULL,
  `created_at` timestamp NULL DEFAULT NULL,
  `updated_at` timestamp NULL DEFAULT NULL,
  PRIMARY KEY (`id`),
  KEY `return_good_stock_details_rgs_id_index` (`rgs_id`),
  KEY `return_good_stock_details_inventory_id_index` (`inventory_id`)
) ENGINE=MyISAM AUTO_INCREMENT=3 DEFAULT CHARSET=utf8mb4 COLLATE=utf8mb4_unicode_ci;

--
-- Dumping data for table `return_good_stock_details`
--

INSERT INTO `return_good_stock_details` (`id`, `rgs_id`, `inventory_id`, `quantity`, `unit_price`, `created_at`, `updated_at`) VALUES
(1, 1, 211, 2, 0.0000, '2024-01-27 01:46:12', '2024-01-27 01:46:12'),
(2, 1, 212, 3, 0.0000, '2024-01-27 01:46:12', '2024-01-27 01:46:12');

-- --------------------------------------------------------

--
-- Table structure for table `sales_orders`
--

DROP TABLE IF EXISTS `sales_orders`;
CREATE TABLE IF NOT EXISTS `sales_orders` (
  `id` bigint UNSIGNED NOT NULL AUTO_INCREMENT,
  `customer_id` bigint UNSIGNED NOT NULL,
  `principal_id` bigint UNSIGNED NOT NULL,
  `agent_id` int NOT NULL,
  `mode_of_transaction` varchar(191) COLLATE utf8mb4_unicode_ci NOT NULL,
  `sku_type` varchar(191) COLLATE utf8mb4_unicode_ci NOT NULL,
  `total_amount` double(15,4) NOT NULL,
  `created_at` timestamp NULL DEFAULT NULL,
  `updated_at` timestamp NULL DEFAULT NULL,
  `date` date DEFAULT NULL,
  `status` varchar(191) COLLATE utf8mb4_unicode_ci NOT NULL,
  `exported` varchar(191) COLLATE utf8mb4_unicode_ci NOT NULL,
  `amount_paid` double(15,4) DEFAULT NULL,
  `sales_order_number` varchar(191) COLLATE utf8mb4_unicode_ci NOT NULL,
  PRIMARY KEY (`id`),
  KEY `sales_orders_customer_id_index` (`customer_id`),
  KEY `sales_orders_principal_id_index` (`principal_id`)
) ENGINE=MyISAM AUTO_INCREMENT=2 DEFAULT CHARSET=utf8mb4 COLLATE=utf8mb4_unicode_ci;

--
-- Dumping data for table `sales_orders`
--

INSERT INTO `sales_orders` (`id`, `customer_id`, `principal_id`, `agent_id`, `mode_of_transaction`, `sku_type`, `total_amount`, `created_at`, `updated_at`, `date`, `status`, `exported`, `amount_paid`, `sales_order_number`) VALUES
(1, 23, 2, 1, 'COD', 'CASE', 11200.0000, '2024-01-27 01:46:12', '2024-01-26 17:46:26', NULL, 'New', 'exported', 0.0000, 'SO-ALFE COMM\'L-1-2024-01-0001');

-- --------------------------------------------------------

--
-- Table structure for table `sales_order_details`
--

DROP TABLE IF EXISTS `sales_order_details`;
CREATE TABLE IF NOT EXISTS `sales_order_details` (
  `id` bigint UNSIGNED NOT NULL AUTO_INCREMENT,
  `inventory_id` bigint UNSIGNED NOT NULL,
  `quantity` int NOT NULL,
  `unit_price` double(15,4) NOT NULL,
  `sku_type` varchar(191) COLLATE utf8mb4_unicode_ci NOT NULL,
  `created_at` timestamp NULL DEFAULT NULL,
  `updated_at` timestamp NULL DEFAULT NULL,
  `sales_order_id` bigint UNSIGNED NOT NULL,
  PRIMARY KEY (`id`),
  KEY `sales_order_details_inventory_id_index` (`inventory_id`),
  KEY `sales_order_details_sales_order_id_index` (`sales_order_id`)
) ENGINE=MyISAM AUTO_INCREMENT=4 DEFAULT CHARSET=utf8mb4 COLLATE=utf8mb4_unicode_ci;

--
-- Dumping data for table `sales_order_details`
--

INSERT INTO `sales_order_details` (`id`, `inventory_id`, `quantity`, `unit_price`, `sku_type`, `created_at`, `updated_at`, `sales_order_id`) VALUES
(1, 211, 10, 450.0000, 'CASE', '2024-01-27 01:46:12', '2024-01-27 01:46:12', 1),
(2, 212, 10, 470.0000, 'CASE', '2024-01-27 01:46:12', '2024-01-27 01:46:12', 1),
(3, 213, 5, 400.0000, 'CASE', '2024-01-27 01:46:12', '2024-01-27 01:46:12', 1);

-- --------------------------------------------------------

--
-- Table structure for table `sales_order_for_new_customers`
--

DROP TABLE IF EXISTS `sales_order_for_new_customers`;
CREATE TABLE IF NOT EXISTS `sales_order_for_new_customers` (
  `id` bigint UNSIGNED NOT NULL AUTO_INCREMENT,
  `principal_id` bigint NOT NULL,
  `agent_id` bigint NOT NULL,
  `mode_of_transaction` varchar(191) COLLATE utf8mb4_unicode_ci NOT NULL,
  `sku_type` varchar(191) COLLATE utf8mb4_unicode_ci NOT NULL,
  `status` varchar(191) COLLATE utf8mb4_unicode_ci NOT NULL,
  `exported` varchar(191) COLLATE utf8mb4_unicode_ci DEFAULT NULL,
  `sales_order_number` varchar(191) COLLATE utf8mb4_unicode_ci NOT NULL,
  `total_amount` double(15,4) NOT NULL,
  `created_at` timestamp NULL DEFAULT NULL,
  `updated_at` timestamp NULL DEFAULT NULL,
  PRIMARY KEY (`id`)
) ENGINE=MyISAM DEFAULT CHARSET=utf8mb4 COLLATE=utf8mb4_unicode_ci;

-- --------------------------------------------------------

--
-- Table structure for table `sales_order_for_new_customer_details`
--

DROP TABLE IF EXISTS `sales_order_for_new_customer_details`;
CREATE TABLE IF NOT EXISTS `sales_order_for_new_customer_details` (
  `id` bigint UNSIGNED NOT NULL AUTO_INCREMENT,
  `sales_order_new_id` bigint NOT NULL,
  `inventory_id` bigint NOT NULL,
  `quantity` int NOT NULL,
  `unit_price` double(15,4) NOT NULL,
  `sku_type` varchar(191) COLLATE utf8mb4_unicode_ci NOT NULL,
  `created_at` timestamp NULL DEFAULT NULL,
  `updated_at` timestamp NULL DEFAULT NULL,
  PRIMARY KEY (`id`)
) ENGINE=MyISAM DEFAULT CHARSET=utf8mb4 COLLATE=utf8mb4_unicode_ci;

-- --------------------------------------------------------

--
-- Table structure for table `sales_order_new_customers`
--

DROP TABLE IF EXISTS `sales_order_new_customers`;
CREATE TABLE IF NOT EXISTS `sales_order_new_customers` (
  `id` bigint UNSIGNED NOT NULL AUTO_INCREMENT,
  `sales_order_id` bigint NOT NULL,
  `store_name` varchar(191) COLLATE utf8mb4_unicode_ci NOT NULL,
  `kob` varchar(191) COLLATE utf8mb4_unicode_ci NOT NULL,
  `contact_person` varchar(191) COLLATE utf8mb4_unicode_ci NOT NULL,
  `contact_number` varchar(191) COLLATE utf8mb4_unicode_ci NOT NULL,
  `location` varchar(191) COLLATE utf8mb4_unicode_ci NOT NULL,
  `location_id` varchar(191) COLLATE utf8mb4_unicode_ci NOT NULL,
  `detailed_address` varchar(191) COLLATE utf8mb4_unicode_ci NOT NULL,
  `longitude` varchar(191) COLLATE utf8mb4_unicode_ci NOT NULL,
  `latitude` varchar(191) COLLATE utf8mb4_unicode_ci NOT NULL,
  `status` varchar(191) COLLATE utf8mb4_unicode_ci NOT NULL,
  `created_at` timestamp NULL DEFAULT NULL,
  `updated_at` timestamp NULL DEFAULT NULL,
  PRIMARY KEY (`id`)
) ENGINE=MyISAM DEFAULT CHARSET=utf8mb4 COLLATE=utf8mb4_unicode_ci;

-- --------------------------------------------------------

--
-- Table structure for table `sales_registers`
--

DROP TABLE IF EXISTS `sales_registers`;
CREATE TABLE IF NOT EXISTS `sales_registers` (
  `id` bigint UNSIGNED NOT NULL AUTO_INCREMENT,
  `customer_id` bigint UNSIGNED NOT NULL,
  `principal_id` bigint UNSIGNED NOT NULL,
  `export_code` varchar(191) COLLATE utf8mb4_unicode_ci DEFAULT NULL,
  `total_amount` decimal(15,2) DEFAULT NULL,
  `dr` varchar(191) COLLATE utf8mb4_unicode_ci DEFAULT NULL,
  `sku_type` varchar(191) COLLATE utf8mb4_unicode_ci DEFAULT NULL,
  `date_delivered` varchar(191) COLLATE utf8mb4_unicode_ci DEFAULT NULL,
  `status` varchar(20) COLLATE utf8mb4_unicode_ci DEFAULT NULL,
  `created_at` timestamp NULL DEFAULT NULL,
  `updated_at` timestamp NULL DEFAULT NULL,
  `amount_paid` double(15,4) DEFAULT NULL,
  PRIMARY KEY (`id`),
  KEY `sales_registers_customer_id_index` (`customer_id`),
  KEY `sales_registers_principal_id_index` (`principal_id`)
) ENGINE=MyISAM DEFAULT CHARSET=utf8mb4 COLLATE=utf8mb4_unicode_ci;

-- --------------------------------------------------------

--
-- Table structure for table `sales_register_details`
--

DROP TABLE IF EXISTS `sales_register_details`;
CREATE TABLE IF NOT EXISTS `sales_register_details` (
  `id` bigint UNSIGNED NOT NULL AUTO_INCREMENT,
  `sales_register_id` bigint UNSIGNED NOT NULL,
  `inventory_id` bigint UNSIGNED NOT NULL,
  `delivered_quantity` int NOT NULL,
  `unit_price` double(15,4) DEFAULT NULL,
  `sku_type` varchar(191) COLLATE utf8mb4_unicode_ci NOT NULL,
  `created_at` timestamp NULL DEFAULT NULL,
  `updated_at` timestamp NULL DEFAULT NULL,
  PRIMARY KEY (`id`),
  KEY `sales_register_details_sales_register_id_index` (`sales_register_id`),
  KEY `sales_register_details_inventory_id_index` (`inventory_id`)
) ENGINE=MyISAM DEFAULT CHARSET=utf8mb4 COLLATE=utf8mb4_unicode_ci;

-- --------------------------------------------------------

--
-- Table structure for table `users`
--

DROP TABLE IF EXISTS `users`;
CREATE TABLE IF NOT EXISTS `users` (
  `id` bigint UNSIGNED NOT NULL AUTO_INCREMENT,
  `name` varchar(191) COLLATE utf8mb4_unicode_ci NOT NULL,
  `email` varchar(191) COLLATE utf8mb4_unicode_ci NOT NULL,
  `email_verified_at` timestamp NULL DEFAULT NULL,
  `password` varchar(191) COLLATE utf8mb4_unicode_ci NOT NULL,
  `remember_token` varchar(100) COLLATE utf8mb4_unicode_ci DEFAULT NULL,
  `created_at` timestamp NULL DEFAULT NULL,
  `updated_at` timestamp NULL DEFAULT NULL,
  PRIMARY KEY (`id`),
  UNIQUE KEY `users_email_unique` (`email`)
) ENGINE=MyISAM DEFAULT CHARSET=utf8mb4 COLLATE=utf8mb4_unicode_ci;
COMMIT;

/*!40101 SET CHARACTER_SET_CLIENT=@OLD_CHARACTER_SET_CLIENT */;
/*!40101 SET CHARACTER_SET_RESULTS=@OLD_CHARACTER_SET_RESULTS */;
/*!40101 SET COLLATION_CONNECTION=@OLD_COLLATION_CONNECTION */;
